epoch,seconds,train_loss,train_mae_samples,train_mae_seconds,train_median_ae_samples,train_rmse_samples,train_within_0_1s_percent,train_within_0_2s_percent,train_within_0_5s_percent,train_mean_peak_probability,validation_loss,validation_mae_samples,validation_mae_seconds,validation_median_ae_samples,validation_rmse_samples,validation_within_0_1s_percent,validation_within_0_2s_percent,validation_within_0_5s_percent,validation_mean_peak_probability
1,44.9224400000021,5.688956880187988,154.494875,1.54494875,35.0,258.0807967962746,37.875,45.18,52.83,0.023746073770523072,4.918183902740479,100.85,1.0085,8.0,212.61607747298885,54.67999999999999,62.339999999999996,69.78,0.03299872741699219
2,42.953666900000826,4.855634032440186,92.45645,0.9245645,8.0,201.40395229488422,56.377500000000005,65.235,72.9675,0.047753478479385374,4.722661248016357,85.0676,0.850676,6.0,187.52825920377973,58.84,67.62,74.02,0.03592612190246582
3,46.58325789999799,4.715217185974121,79.6149,0.7961490000000001,7.0,182.11115932309036,59.19,68.675,76.225,0.052882976961135864,4.597084999084473,71.3482,0.7134820000000001,6.0,168.81949591205395,61.72,70.98,77.78,0.03808958625793457
4,44.80190589999984,4.632630503082275,75.349675,0.75349675,7.0,176.37471537893407,60.587500000000006,70.24000000000001,77.535,0.05513517026901245,4.52572317237854,69.3924,0.693924,6.0,166.49087062058388,62.68,72.24000000000001,78.72,0.03795129699707031
5,44.83564539999861,4.589309156799317,72.923275,0.72923275,7.0,173.49302500388885,61.417500000000004,71.1275,78.3425,0.05639187688827515,4.497399425888061,75.5034,0.755034,6.0,179.29090049414108,62.519999999999996,71.74000000000001,78.08,0.038564915466308594
6,44.58219299999837,4.541062942504883,72.14195,0.7214195,6.0,174.85476730704255,62.212500000000006,71.9575,79.11,0.0586004695892334,4.4413475357055665,73.8388,0.738388,6.0,180.7945131910811,64.46,73.14,79.24,0.04217560539245605
7,45.210286800000176,4.497879884338379,67.111475,0.67111475,6.0,166.54662117557353,62.995000000000005,73.005,80.315,0.06081678037643433,4.4301030136108395,61.8442,0.618442,6.0,158.38825903456353,65.66,74.86,81.2,0.0427651123046875
8,45.689501500000915,4.457866418457031,64.491,0.64491,6.0,164.20443203519204,63.9275,73.94500000000001,81.2925,0.06223857269287109,4.427172286987305,74.8068,0.748068,6.0,181.46928665754984,63.46000000000001,72.08,78.82000000000001,0.0415697135925293
9,45.15371539999978,4.433203451538086,62.569125,0.62569125,6.0,161.15611507169066,64.1575,74.52499999999999,81.7075,0.06311092109680176,4.344603908920288,60.9884,0.609884,5.0,159.15899094930202,66.47999999999999,75.56,81.89999999999999,0.043452503204345704
10,46.5866105999994,4.412016977691651,60.238325,0.60238325,6.0,157.62800298487576,64.905,74.91499999999999,82.37,0.0645266671180725,4.304907122039795,57.7536,0.5775359999999999,5.0,158.28578205258992,67.88,77.02,83.5,0.04368740081787109
11,45.527035299997806,4.381587898254394,56.89925,0.5689925,6.0,152.7743052676071,65.78,75.91250000000001,83.175,0.0656237328529358,4.294041305541993,53.3288,0.533288,5.0,146.89890401224918,68.4,77.32,83.74000000000001,0.04377106475830078
12,46.770461600001,4.352366513061523,52.613575,0.52613575,6.0,145.3130545580816,66.4775,76.875,84.3225,0.06692595310211182,4.267345333099366,50.4384,0.504384,5.0,139.5250887833439,68.4,77.12,84.2,0.04477022857666016
13,45.97856669999965,4.324979175567627,49.31535,0.4931535,5.0,140.1858429014856,67.32249999999999,77.6675,85.2575,0.06804036779403687,4.221046523284912,45.4914,0.454914,4.0,135.78412499257783,70.67999999999999,79.4,86.38,0.04546340560913086
14,45.19121989999985,4.28956672668457,45.8357,0.458357,5.0,133.98932401501247,68.1925,78.505,86.2225,0.06888339529037475,4.195401522064209,50.091,0.50091,4.0,150.37879704266823,71.06,80.06,86.52,0.04484946899414063
15,47.27093160000004,4.266486885070801,45.0616,0.45061599999999996,5.0,132.82400310184903,68.49,78.925,86.6125,0.06931211080551147,4.172577292633057,43.1508,0.43150799999999995,4.0,129.8242997285177,71.28,80.08,86.94,0.04623372039794922
16,46.82346820000021,4.242310662841797,43.12965,0.43129649999999997,5.0,128.9530674315272,69.055,79.375,87.08500000000001,0.06962868099212646,4.1379430351257325,45.4982,0.454982,4.0,137.82827939142243,71.46000000000001,80.06,87.03999999999999,0.047812779998779295
17,46.48514640000212,4.218055893707275,42.23885,0.4223885,5.0,129.12394471979238,69.7025,80.025,87.6475,0.0705087435722351,4.161094546890259,52.5172,0.525172,5.0,153.40089308736114,69.88,78.56,85.76,0.049226611328125
18,45.62847060000058,4.2023165313720705,41.403775,0.41403775000000004,5.0,127.30906536849605,69.925,80.2175,87.8075,0.07091156444549561,4.124530858612061,43.206,0.43206000000000006,4.0,135.6004867247902,72.02,81.0,87.88,0.04985106582641602
19,49.21180800000002,4.187849936676026,40.17655,0.4017655,5.0,125.24805727036248,70.3475,80.83500000000001,88.33,0.07093141250610352,4.114111730957031,43.9954,0.43995399999999996,4.0,135.77515310247304,71.8,81.22,87.52,0.051832617950439454
20,49.95708260000174,4.172782447052002,38.91945,0.3891945,5.0,122.83584106440595,70.54,81.0925,88.6275,0.07100253162384033,4.076548645782471,35.2046,0.35204599999999997,4.0,116.064095223286,73.54,82.5,89.32,0.0482175163269043
21,55.60814940000273,4.165628453063965,38.570775,0.38570774999999996,5.0,122.20370769743445,70.8425,81.11749999999999,88.74,0.07093755884170533,4.082521948623657,40.3102,0.403102,4.0,127.27791245931087,71.67999999999999,81.22,88.36,0.051399777984619144
22,54.247543899997254,4.154415187835693,37.55585,0.3755585,5.0,119.79479037086713,70.965,81.47999999999999,88.965,0.07126935501098633,4.07006410446167,44.3132,0.443132,4.0,141.42392725419558,72.86,82.08,88.1,0.049268114852905276
23,54.0217040000025,4.140879168701172,36.345,0.36345,5.0,117.45235076404389,71.41999999999999,81.8725,89.21,0.07096071424484253,4.071215712738037,35.23,0.35229999999999995,4.0,117.44370225772006,73.3,82.86,89.68,0.04671227569580078
24,52.892708300001686,4.135565075683593,35.7682,0.357682,5.0,116.5317040551626,71.6025,81.94500000000001,89.52250000000001,0.07111972484588623,4.069472864532471,33.8014,0.33801400000000004,4.0,115.25915581852924,74.88,83.72,90.42,0.04678668823242187
25,46.007190000000264,4.128210967254638,34.959375,0.34959375000000004,5.0,113.80977649130149,71.695,82.125,89.60249999999999,0.07106276063919068,4.050092245483398,34.2794,0.34279400000000004,4.0,113.59071176817231,73.4,82.89999999999999,89.44,0.04967263031005859
26,48.90891980000015,4.113705773162842,33.160225,0.33160225,5.0,109.71355647776622,72.00750000000001,82.4825,90.015,0.07081200609207153,4.050397992706299,34.7334,0.34733400000000003,4.0,115.48613509854765,73.92,83.34,89.74,0.04661912307739258
27,49.087507899999764,4.107419488525391,32.821875,0.32821875,5.0,109.35017661165436,72.2525,82.685,90.2025,0.07078364810943603,4.040336494445801,32.0228,0.32022799999999996,4.0,106.78587172468089,73.14,83.17999999999999,90.03999999999999,0.04869917831420898
28,47.053783100000146,4.100478456878662,32.410525,0.32410525,5.0,107.93888120135394,72.2725,82.7625,90.2775,0.07069042329788208,4.014623899841308,32.1,0.321,4.0,110.85323450400534,74.64,84.16,90.64,0.04984357070922851
29,47.91205620000255,4.096291585540771,31.98625,0.3198625,5.0,106.8018300405007,72.45,83.005,90.375,0.07049028482437134,4.022639804458618,32.3162,0.323162,4.0,108.65904012092138,74.5,83.76,90.22,0.04840150604248047
30,45.625920899998164,4.089417166900635,31.34135,0.3134135,5.0,104.75701289173914,72.50750000000001,82.985,90.4875,0.07023313484191894,4.016867228698731,30.0588,0.300588,4.0,103.86764077420841,75.33999999999999,84.28,90.94,0.04910359649658203
31,45.701785799999925,4.081959178924561,31.0152,0.310152,5.0,104.26725444740549,72.905,83.1425,90.515,0.07050585374832154,4.007168330383301,31.591,0.31591,4.0,108.38192376960284,74.86,83.98,90.5,0.05010550994873047
32,46.57503259999794,4.072332106781006,30.309,0.30309,4.0,103.0102176970809,73.1025,83.455,90.82249999999999,0.07030177955627441,4.000862883758545,31.2538,0.312538,4.0,106.87058061038127,75.18,84.3,90.56,0.052157524108886716
33,45.3097858000001,4.064494958496094,29.089125,0.29089125,4.0,99.310398876452,73.3225,83.6725,91.035,0.07024034671783447,3.98948994102478,29.7488,0.297488,4.0,104.35601563877378,74.83999999999999,84.34,91.03999999999999,0.050711646270751955
34,48.57353610000064,4.082892631530762,30.121725,0.30121725,4.0,101.15687062676464,72.94,83.4175,90.63250000000001,0.06916302003860474,3.9962763153076173,27.456,0.27455999999999997,4.0,94.88346958243042,74.96000000000001,84.36,91.24,0.051749296569824216
35,49.48088049999933,4.049075743103027,27.78505,0.2778505,4.0,94.58109721292094,73.47749999999999,84.0375,91.31,0.06998936557769775,3.98414990234375,26.4258,0.264258,4.0,93.69381729868839,75.68,85.11999999999999,91.88,0.04994364929199219
36,49.95042060000196,4.048404172515869,28.203225,0.28203225,4.0,96.37726456483396,73.6,84.0225,91.2475,0.06975882148742676,3.973898133850098,24.6932,0.246932,4.0,88.61154100905819,76.0,85.58,92.4,0.049317496490478514
37,49.97611560000223,4.043924361419678,27.71555,0.2771555,4.0,94.28407421192617,73.5425,83.9675,91.265,0.06953737440109253,3.967621659851074,26.5224,0.265224,4.0,93.5674516057801,75.76,85.26,91.67999999999999,0.051505419921875
38,50.7049365999992,4.032655795669555,26.583425,0.26583425,4.0,90.69845354249432,74.0825,84.325,91.5625,0.06982857570648193,3.9737806144714356,25.5516,0.255516,4.0,92.00841265884333,75.98,85.46000000000001,91.86,0.04987376708984375
39,46.95990240000174,4.041221663665771,27.254275,0.27254275,4.0,92.60343122692592,73.77749999999999,83.9675,91.2475,0.06903154067993164,3.9663889953613283,26.6424,0.266424,4.0,95.8247128876471,75.7,85.1,91.8,0.05184225082397461
40,48.799210199998925,4.017891507720948,25.619875,0.25619875000000003,4.0,88.35343357787518,74.07249999999999,84.545,91.935,0.06982318124771118,3.955311715698242,24.4432,0.244432,4.0,85.752131168852,76.36,85.38,92.0,0.051266246032714846
41,46.34625720000258,4.048552411651611,27.440075,0.27440075,4.0,92.98241406309045,73.8375,83.98,91.22749999999999,0.06844336519241333,3.9564093864440917,22.7742,0.227742,4.0,80.87072276170159,76.03999999999999,85.86,92.46,0.04936890869140625
42,51.38680079999904,4.011566806793213,25.305975,0.25305975,4.0,86.87505899278572,74.4675,84.71499999999999,91.92,0.06943405618667603,3.9560824798583982,22.6062,0.226062,4.0,82.62129386544368,76.38000000000001,86.04,92.66,0.04939501609802246
43,48.581578099998296,4.005688951873779,25.31875,0.2531875,4.0,87.15418549903384,74.5925,84.8925,91.8925,0.06966934900283814,3.94911439743042,24.205,0.24205,4.0,86.97205873152596,76.22,85.88,92.38,0.04941672973632812
44,51.93211859999792,4.002333581542969,24.8655,0.24865500000000001,4.0,85.88941494736125,74.5125,85.04,92.0725,0.06945496001243591,3.940169683837891,23.5164,0.235164,4.0,82.79024580226827,76.14,85.56,92.17999999999999,0.05160230255126953
45,49.50376959999994,3.9946342391967775,24.535225,0.24535225,4.0,85.02270182133711,74.77000000000001,85.0925,92.1125,0.06952132635116577,3.9397482223510742,23.5702,0.235702,4.0,85.52947679016866,77.12,86.36,92.58,0.053708402252197265
46,49.21796629999881,3.9898978675842285,24.237175,0.24237175,4.0,84.37567703432073,74.68,85.16,92.2825,0.0695040831565857,3.933948943710327,24.164,0.24164000000000002,4.0,86.72836675505886,76.48,86.08,92.30000000000001,0.05214076156616211
47,50.196778300000005,3.9873167877197266,24.0375,0.240375,4.0,83.56554253997278,74.88749999999999,85.235,92.255,0.06935544404983521,3.9239263511657714,23.1446,0.231446,4.0,82.73473152189472,76.75999999999999,86.22,92.46,0.051543425750732424
48,46.059326900001906,3.9825240898132326,24.081375,0.24081375000000002,4.0,83.73751921928425,75.0625,85.3325,92.2625,0.06950783967971802,3.937668388748169,21.472,0.21472000000000002,4.0,78.25496022617352,77.02,86.48,92.82000000000001,0.050268734741210935
49,45.53579159999936,3.9843523860931396,23.98865,0.2398865,4.0,83.49108814717891,74.9075,85.2575,92.34,0.06945609292984009,3.9169822467803956,21.8448,0.218448,4.0,79.1223129085595,76.88000000000001,86.46000000000001,92.92,0.050133311462402345
50,45.69433389999904,3.977436949920654,23.59745,0.23597449999999998,4.0,82.83340177730237,75.31,85.555,92.52749999999999,0.06940656852722168,3.910296366119385,19.6836,0.19683599999999998,4.0,70.10874695785112,77.75999999999999,87.16000000000001,93.30000000000001,0.0504951171875
51,50.05763779999688,3.9735776611328126,23.321975,0.23321974999999998,4.0,81.89452774758519,75.2575,85.665,92.5775,0.06957853689193726,3.9243853706359864,21.607,0.21606999999999998,4.0,77.24269674215161,77.18,86.72,92.64,0.05202480010986328
52,53.53588300000047,3.9683856086730955,23.195875,0.23195875000000002,4.0,81.40688438332474,75.4375,85.8625,92.585,0.06956629190444946,3.901906665802002,20.8388,0.208388,4.0,75.94967281035514,77.66,86.94,93.24,0.05294568481445312
53,47.012439000001905,3.9667385498046874,23.259975,0.23259975,4.0,82.15926864937394,75.58,85.72,92.6725,0.0693859860420227,3.895780883026123,20.7642,0.207642,4.0,76.0696667535753,77.52,87.3,93.26,0.051765278625488284
54,48.44097369999872,3.9564234519958497,22.317225,0.22317225000000002,4.0,78.75786071878794,75.5925,85.9225,92.77499999999999,0.06964684410095215,3.900691842651367,21.7174,0.217174,4.0,79.32220748315065,76.94,86.82,92.96,0.05298786849975586
55,49.955494500001805,3.952494295501709,22.3681,0.223681,4.0,79.06523856917147,75.6675,85.93499999999999,92.795,0.06967195644378663,3.899254367828369,19.0992,0.190992,4.0,68.28360857482564,78.0,87.32,93.52000000000001,0.05143072662353516
56,50.52516810000088,3.9498582763671877,22.426625,0.22426625,4.0,79.99974953085791,75.955,86.0675,92.9,0.06969599113464356,3.893489408493042,19.8252,0.19825199999999998,4.0,71.52824616890868,77.84,87.3,93.38,0.05297971420288086
57,50.01040540000031,3.9460652240753173,22.316225,0.22316225,4.0,79.8551746914375,75.925,86.175,93.00500000000001,0.06981270380020142,3.889941290283203,20.2722,0.202722,4.0,75.14982767777981,78.02,87.48,93.32000000000001,0.05109185333251953
58,49.47574149999855,3.939555047607422,21.5809,0.215809,4.0,77.55899947781688,76.13499999999999,86.3475,93.1275,0.07002812986373902,3.8809187507629392,19.503,0.19503,4.0,73.03016226190381,77.94,87.56,93.64,0.05221689300537109
59,49.64757190000091,3.9341463775634766,21.62685,0.2162685,4.0,77.71548269167477,76.2025,86.315,93.1725,0.0700218581199646,3.8816015605926513,19.3514,0.19351400000000002,4.0,70.89535527804343,77.98,87.6,93.52000000000001,0.05265846328735352
60,48.412403799997264,3.9328105613708497,21.492475,0.21492475,4.0,77.5603050857847,76.13,86.7025,93.2825,0.0701306016921997,3.886937035369873,20.4186,0.204186,4.0,73.5067683958423,77.10000000000001,86.83999999999999,93.08,0.05362898101806641
61,45.550316400000156,3.932678178405762,21.58415,0.21584150000000002,4.0,77.88619261460917,76.36749999999999,86.6875,93.2525,0.0697280595779419,3.881489805603027,19.1056,0.191056,4.0,69.53916019049986,77.42,87.3,93.62,0.0517735221862793
62,48.862685000000056,3.9241232570648195,21.0786,0.21078600000000003,4.0,76.13899198176976,76.165,86.59750000000001,93.305,0.07016810894012451,3.8708609535217287,19.1322,0.19132200000000002,4.0,70.52901105219043,78.44,87.86,93.66,0.051912727355957033
63,49.48681270000088,3.923964685821533,21.022825,0.21022825,4.0,75.97845138590283,76.53750000000001,86.7525,93.425,0.07025344181060791,3.8643788375854493,19.5736,0.195736,4.0,71.51315123807649,77.66,87.44,93.46,0.05332413024902344
64,50.38252979999743,3.9196933269500733,21.258225,0.21258225,4.0,77.01929741954285,76.47500000000001,86.7125,93.3525,0.07029666814804077,3.861802075958252,18.5414,0.185414,4.0,69.48130539936624,78.03999999999999,87.88,94.02000000000001,0.05129579544067383
65,46.62375020000036,3.9186735191345217,20.744275,0.20744274999999998,4.0,74.96071621189328,76.38000000000001,86.835,93.49,0.07007034168243408,3.869070964050293,19.1396,0.191396,4.0,69.37257671443378,78.24,87.5,93.47999999999999,0.05502072067260742
66,48.437904599999456,3.9125888381958007,20.43175,0.2043175,4.0,74.66482471686383,76.74499999999999,87.0275,93.62,0.07021733093261719,3.9036334365844727,21.9582,0.21958200000000003,4.0,80.01357759780524,78.22,87.22,92.94,0.05280823249816895
67,49.76272719999906,3.909069533920288,20.2727,0.202727,4.0,74.21335122469542,76.6875,87.0275,93.67,0.07037177314758301,3.8553728858947753,18.5222,0.18522200000000003,4.0,67.68247188157359,77.84,87.52,93.97999999999999,0.05210066146850586
68,49.672705199998745,3.908311486816406,20.387275,0.20387275,4.0,74.16055504781501,76.6925,86.9475,93.58999999999999,0.07026620864868165,3.8562616790771482,17.9284,0.179284,4.0,66.21124677877619,78.38000000000001,87.92,93.88,0.05317161254882812
69,49.23367359999975,3.908677961730957,20.4349,0.204349,4.0,74.61341735907826,76.7075,86.96000000000001,93.625,0.0704485502243042,3.8693395782470703,18.5606,0.18560600000000002,4.0,67.97131895145186,78.18,87.4,93.76,0.05259695434570313
70,49.61260559999937,3.902555314254761,20.276525,0.20276525,4.0,74.50685186612034,76.89,87.1625,93.695,0.07016236867904663,3.8714548351287843,20.4476,0.20447600000000002,4.0,75.64726300402414,77.82,87.26,93.34,0.05362520980834961
71,47.92119399999865,3.9049039329528807,20.403025,0.20403025,4.0,74.32929452779705,76.8025,86.9825,93.6025,0.07052621822357177,3.84669620513916,17.7252,0.17725200000000002,4.0,64.96235525286933,78.53999999999999,87.76,94.08,0.05340884857177734
72,45.40874039999835,3.89498052444458,20.08015,0.2008015,4.0,73.84872916983744,76.9375,87.2025,93.8475,0.07053576860427857,3.8491436935424805,18.2298,0.18229800000000002,3.0,68.46268326614141,78.78,88.08,94.02000000000001,0.05389614791870117
73,45.809933600001386,3.8965706840515137,20.096575,0.20096575000000003,4.0,74.00663906028971,77.06,87.3625,93.71000000000001,0.07036131477355957,3.853213298416138,18.8992,0.188992,4.0,69.36280559492963,78.48,87.6,93.72,0.05279898147583008
74,45.7163369000009,3.8897523826599123,19.58645,0.1958645,4.0,71.90568579743885,77.01249999999999,87.3825,93.8575,0.07040978460311889,3.8460028301239015,17.8504,0.178504,4.0,65.81435101860384,78.24,87.8,94.02000000000001,0.055257070922851564
75,45.25484610000058,3.8913467144012452,19.8656,0.198656,4.0,73.20263895516335,77.17,87.33,93.8,0.07040161380767822,3.8685717697143556,18.851,0.18850999999999998,4.0,67.8706342979053,77.44,87.33999999999999,93.5,0.05404489059448242
76,45.62938840000061,3.8901223693847657,19.434925,0.19434925,4.0,71.62476998217865,77.1725,87.575,93.9425,0.07057193727493286,3.847317855834961,18.2202,0.18220199999999998,4.0,68.36031451068668,78.53999999999999,87.9,94.08,0.054062579345703125
77,49.625385500003176,3.886213333129883,19.663625,0.19663624999999998,4.0,73.40866825518633,77.33250000000001,87.47749999999999,93.95750000000001,0.0703383882522583,3.8442327087402344,18.0038,0.18003799999999998,4.0,66.28091278792108,78.16,87.88,94.0,0.054055155181884765
78,45.96334719999868,3.8824008808135986,19.25935,0.1925935,4.0,71.17489304523049,77.53,87.6075,94.06,0.0705734034538269,3.850459582519531,18.436,0.18436,4.0,68.09545652978619,77.82,87.53999999999999,93.86,0.05252413940429688
79,48.1357895000001,3.8809279724121093,19.46305,0.19463049999999998,4.0,72.38430147483638,77.2725,87.625,93.9225,0.07044326639175415,3.836112901687622,18.3048,0.183048,4.0,68.14114175738472,78.68,88.16000000000001,94.02000000000001,0.05378757553100586
80,49.41360060000079,3.8794543182373045,19.641525,0.19641525,4.0,73.3121430937604,77.4075,87.50750000000001,94.0275,0.070575439453125,3.8568353530883788,18.3508,0.183508,3.0,69.58826337824505,78.78,88.32,94.06,0.05236627197265625
